MODELO;ID_CLIENTE;MODELOS;MARCA
5;1243;5;MAZDA
2008;1810;2008;PEUGEOT
3008;1569;3008;PEUGEOT
5008;376;5008;PEUGEOT
2008 ACTIVE BLUEHDI;397;2008;PEUGEOT
2008 ALLURE BLUEHDI;530;2008;PEUGEOT
2008 ALLURE E HDI 1.6;925;2008;PEUGEOT
3008 ACTIVE BLUEHDI;477;3008;PEUGEOT
3008 ACTIVE HDI 1.6;409;3008;PEUGEOT
3008 ALLURE HDI 1.6;422;3008;PEUGEOT
3008 PREMIUM 1.6 AUT;527;3008;PEUGEOT
3008 PREMIUM HDI 1.6;993;3008;PEUGEOT
4 RUNNER;1711;4 RUNNER;TOYOTA
4 RUNNER 4.0;1008;4 RUNNER;TOYOTA
4 RUNNER 4.0 AUT;1359;4 RUNNER;TOYOTA
4 RUNNER LIMITED 4.0 AUT;627;4 RUNNER;TOYOTA
4RUNNER;1233;4 RUNNER;TOYOTA
4RUNNER 4X4 4.0 AUT;1506;4 RUNNER;TOYOTA
4RUNNER LIMITED 4X4 4.0 AUT;501;4 RUNNER;TOYOTA
4RUNNER SR5 4.0 AUT;1469;4 RUNNER;TOYOTA
4RUNNER SR5 4X4 4.0;701;4 RUNNER;TOYOTA
4RUNNER SR5 4X4 4.0 AUT;615;4 RUNNER;TOYOTA
5 V 2.0;405;5;MAZDA
5 V 2.0 AT;377;5;MAZDA
ACTYON;432;ACTYON;SSANGYONG
ACTYON 2.3;513;ACTYON;SSANGYONG
ADV;1973;ADV;MAZDA
ALL;2683;ALL;MAZDA
ALL NEW CX 3 R 2.0 AUT;477;ALL NEW CX 3 R 2.0 AUT;MAZDA
ALL NEW CX 5 R;1420;ALL NEW CX 5 R;MAZDA
ALL NEW FORESTER 2.0;914;ALL NEW FORESTER ;SUBARU
ALL NEW OUTBACK 2.5I;772;ALL NEW OUTBACK ;SUBARU
ALL NEW OUTBACK 2.5I AWD LTD AUT;452;ALL NEW OUTBACK ;SUBARU
APV VAN GL 1.6;1188;APV VAN GL 1.6;SUZUKI
APV2 GL 1.6;645;APV VAN GL 1.7;SUZUKI
ASX;475;ASX;MITSUBISHI
ASX GLX 2.0;650;ASX;MITSUBISHI
B MULTISPACE HDI 1.6;362;B MULTISPACE HDI 1.6;CITROEN
BEAT;665;BEAT;CHEVROLET
BEAT 1.3;1316;BEAT;CHEVROLET
C4 PICASSO HDI 1.6;536;C4 PICASSO ;CITROEN
CALIBER SXT 2.0 AT;378;CALIBER SXT 2.0 AT;DODGE
CAPTIVA;6026;CAPTIVA;CHEVROLET
CAPTIVA II LS 2.2;695;CAPTIVA;CHEVROLET
CAPTIVA II LS 2.4;1757;CAPTIVA;CHEVROLET
CAPTIVA III LS 2.4;427;CAPTIVA;CHEVROLET
CAPTIVA III LS FWD 2;969;CAPTIVA;CHEVROLET
CAPTIVA III LT AWD 2;425;CAPTIVA;CHEVROLET
CAPTIVA III LT FULL;600;CAPTIVA;CHEVROLET
CAPTIVA IV LS 2.2;590;CAPTIVA;CHEVROLET
CAPTIVA IV LS 2.4;415;CAPTIVA;CHEVROLET
CAPTIVA LS;363;CAPTIVA;CHEVROLET
CAPTIVA LS 2.0;2000;CAPTIVA;CHEVROLET
CAPTIVA LS 2.2;740;CAPTIVA;CHEVROLET
CAPTIVA LS 2.4;3871;CAPTIVA;CHEVROLET
CAPTIVA LT AWD 2.0;632;CAPTIVA;CHEVROLET
CAPTIVA LTZ AWD 2.0 AT;486;CAPTIVA;CHEVROLET
CAPTUR;574;CAPTUR;RENAULT
CAPTUR EXPRESSION;393;CAPTUR;RENAULT
CAPTUR EXPRESSION 1.5;491;CAPTUR;RENAULT
CARENS;1198;CARENS;KIA
CARENS EX 1.7;383;CARENS;KIA
CARENS EX 2.0;424;CARENS;KIA
CARENS LX 2.0;1125;CARENS;KIA
CARNIVAL;1581;CARNIVAL;KIA
CAYENNE;919;CAYENNE;PORSCHE
CHEROKEE;4057;CHEROKEE;JEEP
COMPASS;4404;COMPASS;JEEP
COMPASS SPORT 2.4 AT;2103;COMPASS;JEEP
COMPASS SPORT 2.4 AU;905;COMPASS;JEEP
COMPASS SPORT 2.4 AUT;2709;COMPASS;JEEP
COMPASS SPORT 4X4 2.;1287;COMPASS;JEEP
COMPASS SPORT 4X4 2.4;574;COMPASS;JEEP
COMPASS SPORT 4X4 2.4 AT;472;COMPASS;JEEP
COMPASS SPORT 4X4 2.4 AUT;1770;COMPASS;JEEP
CR V;2651;CR V;HONDA
CR V LX 2.4 AUT;1368;CR V;HONDA
CRETA GLS 1.6;640;CRETA ;HYUNDAI
CRETA GS;516;CRETA ;HYUNDAI
CRUISER;391;CRUISER;TOYOTA
CRV EX 4X4 2.4 AUT;552;CR V;HONDA
CRV EXL 4X4 2.4 AUT;1338;CR V;HONDA
CRV EXS 4X4 2.4 AUT;446;CR V;HONDA
CRV LXS 2.4 AUT;791;CR V;HONDA
CS35;1547;CS35;CHANGAN
CS35 COMFORTABLE 1.6;648;CS35;CHANGAN
CS35 LUXURY 1.6;837;CS35;CHANGAN
CX 3;1083;CX 3;MAZDA
CX 5;6944;CX 5;MAZDA
CX 5 R 2.0;1190;CX 5;MAZDA
CX 5 R 2.0 AT;2175;CX 5;MAZDA
CX 5 R 2.0 AUT;685;CX 5;MAZDA
CX 5 R 4X4 2.0 AT;613;CX 5;MAZDA
CX 7;990;CX 7;MAZDA
CX 7 2.5 AT;843;CX 7;MAZDA
CX 7 2.5 AUT;694;CX 7;MAZDA
CX 7 R 2.5 AT;1173;CX 7;MAZDA
CX 7 RI 2.5 AT;525;CX 7;MAZDA
CX 9;1035;CX 9;MAZDA
CX 9 GT AWD 3.7 AT;376;CX 9;MAZDA
CX70;363;CX70;MAZDA
CX9 GT 4X4 3.7 AT;413;CX 9;MAZDA
DESTINY 2.0;674;DESTINY ;CHERY
DISCOVERY;622;DISCOVERY;LAND ROVER
DISCOVERY 4 3.0;563;DISCOVERY;LAND ROVER
DURANGO;1590;DURANGO;DODGE
DURANGO EXPRESS 3.6;657;DURANGO;DODGE
DURANGO EXPRESS 3.6 AUT;365;DURANGO;DODGE
DURANGO LIMITED 5.7;766;DURANGO;DODGE
DURANGO SLT 4X4 5.7;601;DURANGO;DODGE
DURANGO SLT 4X4 5.7 AUT;444;DURANGO;DODGE
DURANGO SLT 5.7;375;DURANGO;DODGE
DUSTER;4149;DUSTER;RENAULT
DUSTER DYNAMIQUE 2.0;932;DUSTER;RENAULT
DUSTER DYNAMIQUE 4X4 2.0;490;DUSTER;RENAULT
DUSTER EXPRESSION;436;DUSTER;RENAULT
DUSTER EXPRESSION 1.;1014;DUSTER;RENAULT
DUSTER EXPRESSION 1.6;1796;DUSTER;RENAULT
DUSTER LIFE;1017;DUSTER;RENAULT
DUSTER ZEN;1465;DUSTER;RENAULT
ECO SPORT XLS 1.6;474;ECOSPORT;FORD
ECOSPORT;7311;ECOSPORT;FORD
ECOSPORT 1.5;601;ECOSPORT;FORD
ECOSPORT 1.6;2800;ECOSPORT;FORD
ECOSPORT TITANIUM 1.;404;ECOSPORT;FORD
ECOSPORT TITANIUM 1.6;2348;ECOSPORT;FORD
ECOSPORT XLS PLUS 1.6;411;ECOSPORT;FORD
ECOSPORT XLT 1.6;601;ECOSPORT;FORD
ECOSPORT XLT PLUS 1.6;681;ECOSPORT;FORD
EDGE;1998;EDGE;FORD
EDGE 2.0 AUT;406;EDGE;FORD
EDGE SEL 3.5;742;EDGE;FORD
EDGE SEL 4X4 3.5 AUT;727;EDGE;FORD
ESCAPE;2999;ESCAPE;FORD
ESCAPE 2.0;404;ESCAPE;FORD
ESCAPE 2.0 AUT;927;ESCAPE;FORD
ESCAPE 2.5;427;ESCAPE;FORD
ESCAPE 2.5 AUT;741;ESCAPE;FORD
ESCAPE 4X4 2.0 AUT;808;ESCAPE;FORD
ESCAPE II XLT 2.5 AT;785;ESCAPE;FORD
ESCAPE XLT 2.5 AUT;620;ESCAPE;FORD
EVERY;955;EVERY;RANGE ROVER
EVOQUE;540;EVOQUE;RANGE ROVER
EVOQUE 2.0;543;EVOQUE;RANGE ROVER
EXPLORER;5640;EXPLORER;FORD
EXPLORER 2.0 AUT;921;EXPLORER;FORD
EXPLORER 3.5 AUT;733;EXPLORER;FORD
EXPLORER II XLT COMFORT 4.0;372;EXPLORER;FORD
EXPLORER LIMITED 4X4;560;EXPLORER;FORD
EXPLORER LIMITED 4X4 3.5 AUT;455;EXPLORER;FORD
EXPLORER LTD 4X4 3.5 AUT;656;EXPLORER;FORD
EXPLORER XLT 3.5;1327;EXPLORER;FORD
EXPLORER XLT 3.5 AUT;1517;EXPLORER;FORD
FORESTER;2709;FORESTER;SUBARU
FORESTER 2.0;389;FORESTER;SUBARU
FORESTER 2.0 AWD;460;FORESTER;SUBARU
FORESTERI;460;FORESTER;SUBARU
GRAND CARNIVAL;577;GRAND CARNIVAL;KIA
GRAND CARNIVAL LX 2.;528;GRAND CARNIVAL;KIA
GRAND CARNIVAL LX 2.2;380;GRAND CARNIVAL;KIA
GRAND CHEROKEE;553;GRAND CHEROKEE;JEEP
GRAND CHEROKEE 3.6;440;GRAND CHEROKEE;JEEP
GRAND CHEROKEE LARED;1053;GRAND CHEROKEE;JEEP
GRAND CHEROKEE LAREDO 3.6 AUT;809;GRAND CHEROKEE;JEEP
GRAND CHEROKEE LIMIT;407;GRAND CHEROKEE;JEEP
GRAND NOMADE;8769;GRAND NOMADE;SUZUKI
GRAND NOMADE 2.0;428;GRAND NOMADE;SUZUKI
GRAND NOMADE 2.4;1010;GRAND NOMADE;SUZUKI
GRAND NOMADE GLX 2.0;2955;GRAND NOMADE;SUZUKI
GRAND NOMADE GLX 2.4;564;GRAND NOMADE;SUZUKI
GRAND NOMADE GLX 4X4;469;GRAND NOMADE;SUZUKI
GRAND NOMADE GLX 4X4 2.4;1198;GRAND NOMADE;SUZUKI
GRAND NOMADE GLX 4X4 2.4 AUT;386;GRAND NOMADE;SUZUKI
GRAND NOMADE GLX SPO;3784;GRAND NOMADE;SUZUKI
GRAND NOMADE GLX SPORT 2.0;940;GRAND NOMADE;SUZUKI
GRAND NOMADE GLX SPORT 2.4;4236;GRAND NOMADE;SUZUKI
GRAND NOMADE GLX SPORT 2.4 AT;893;GRAND NOMADE;SUZUKI
GRAND NOMADE GLX SPORT 2.4 AUT;509;GRAND NOMADE;SUZUKI
GRAND NOMADE GLX SPORT 4X4 2.4;1532;GRAND NOMADE;SUZUKI
GRAND NOMADE GLX SPORT 4X4 2.4 AT;426;GRAND NOMADE;SUZUKI
GRAND NOMADE4X4;533;GRAND NOMADE;SUZUKI
GRAND NOMADESPORT;909;GRAND NOMADE;SUZUKI
GRAND TIGGO;1199;GRAND TIGGO;CHERY
GRAND TIGGO GLS 2.0;420;GRAND TIGGO;CHERY
GRAND VITARA;4617;GRAND VITARA;SUZUKI
GRAND VITARA 1.6;552;GRAND VITARA;SUZUKI
GRAND VITARA GLX 1.6;1005;GRAND VITARA;SUZUKI
GRAND VITARA GLX 4X4;827;GRAND VITARA;SUZUKI
GRAND VITARA GLX 4X4 1.6;1671;GRAND VITARA;SUZUKI
GRAND VITARA GLX SPO;2189;GRAND VITARA;SUZUKI
GRAND VITARA GLX SPORT 1.6;824;GRAND VITARA;SUZUKI
GRAND VITARA GLX SPORT 4X4 1.6;2350;GRAND VITARA;SUZUKI
GRAND VITARA GLX SPORT 4X4 2.4;911;GRAND VITARA;SUZUKI
GRAND VITARA GLX SPORT 4X4 2.4 AT;457;GRAND VITARA;SUZUKI
H30;532;H30;DFM
H30 CROSS 1.6;366;H30;DFM
H30 CROSS ELEGANTE 1.6;764;H30;DFM
HAVAL;702;HAVAL;HAVAL
HAVAL 3;2874;HAVAL;HAVAL
HAVAL H3 2.0;1028;HAVAL;HAVAL
HAVAL H3 LE 2.0;6294;HAVAL;HAVAL
HAVAL H3 LE 4X4 2.0;536;HAVAL;HAVAL
HAVAL H5 LX 2.4;3167;HAVAL;HAVAL
HAVAL H5 LX 4X4 2.4;887;HAVAL;HAVAL
HAVAL NEW H3;424;HAVAL;HAVAL
HAVAL NEW H3 2.0;587;HAVAL;HAVAL
HOVER 2.4;463;HOVER ;GREAT WALL
HOVER SA 2.4;707;HOVER ;GREAT WALL
HR V;598;HR V;HONDA
HUNTER;916;HUNTER;ZOTYE
HUNTER 1.3;2669;HUNTER;ZOTYE
HUNTER FULL 1.3;1286;HUNTER;ZOTYE
HUNTER STD 1.3;747;HUNTER;ZOTYE
JIMNY;1478;JIMNY;SUZUKI
JIMNY JLX 4X4 1.3;863;JIMNY;SUZUKI
JIMNY JLX SPORT 4X4 1.3;514;JIMNY;SUZUKI
JIMNY JX 4X4 1.3;637;JIMNY;SUZUKI
JOURNEY;2706;JOURNEY;DODGE
JOURNEY 2.4 AT;401;JOURNEY;DODGE
JOURNEY 2.4 AUT;1211;JOURNEY;DODGE
JOURNEY SE;378;JOURNEY;DODGE
JOURNEY SE 2.4 AT;767;JOURNEY;DODGE
JOURNEY SE 2.4 AUT;1148;JOURNEY;DODGE
JOURNEY SXT 2.4;398;JOURNEY;DODGE
JOURNEY SXT 2.4 AUT;717;JOURNEY;DODGE
JOURNEY SXT 2.7 AT;449;JOURNEY;DODGE
JOURNEY SXT 2.7 AUT;563;JOURNEY;DODGE
JOYEAR;995;JOYEAR;DFM
JUKE;937;JUKE;NISSAN
JUKE 1.6;541;JUKE;NISSAN
JUKE 1.6 AUT;548;JUKE;NISSAN
KICKS;414;KICKS;NISSAN
KOLEOS;1478;KOLEOS;RENAULT
KOLEOS DYNAMIQUE 2.5;456;KOLEOS;RENAULT
KOLEOS DYNAMIQUE 2.5 AT;880;KOLEOS;RENAULT
KOLEOS EXPRESSION 2.5;883;KOLEOS;RENAULT
KORANDO;4514;KORANDO;SSANGYONG
KORANDO 2.0;3873;KORANDO;SSANGYONG
KORANDO 2.0 AUT;561;KORANDO;SSANGYONG
KORANDO XDI;580;KORANDO;SSANGYONG
KORANDO XDI 2.0;3144;KORANDO;SSANGYONG
KORANDO XDI 2.0 AT;534;KORANDO;SSANGYONG
KORANDO XDI 4X4 2.0;416;KORANDO;SSANGYONG
KYRON;403;KYRON;SSANGYONG
LAND CRUISER PRADO 4X4 4.0 AUT;403;LAND CRUISER ;TOYOTA
ML 250 BLUE TEC;372;ML 250 BLUE TEC;MERCEDES BENZ
ML 350;816;ML 350;MERCEDES BENZ
ML350 BLUE TEC;419;ML 350;MERCEDES BENZ
MONTERO;2703;MONTERO;KIA
MONTERO SPORT;809;MONTERO;KIA
MONTERO SPORT 2.5;423;MONTERO;KIA
MONTERO SPORT 3.0;452;MONTERO;KIA
MONTERO SPORT G2 2.5;2195;MONTERO;KIA
MONTERO SPORT G2 2.5 AT;442;MONTERO;KIA
MONTERO SPORT G2 2.5 AUT;560;MONTERO;KIA
MURANO;483;MURANO;NISSAN
NEW CARENS LX 2.0;579;CARENS;KIA
NEW CR V EXL 4X4 2.4;387;CR V;HONDA
NEW CR V EXL 4X4 2.4 AUT;588;CR V;HONDA
NEW CR V LX 2.4 AUT;441;CR V;HONDA
NEW CX 5 GT 4X4 2.0 AUT;448;CX 5;MAZDA
NEW CX 5 R 2.0;864;CX 5;MAZDA
NEW CX 5 R 2.0 AUT;1637;CX 5;MAZDA
NEW ECOSPORT XLT PLUS 1.6;850;ECOSPORT;FORD
NEW GRAND CHEROKEE L;601;GRAND CHEROKEE;JEEP
NEW H1 GLS 2.5;487;NEW H1 GLS 2.5;HYUNDAI
NEW HAVAL H3 LE 2.0;718;NEW HAVAL H3 LE 2.0;HAVAL
NEW KYRON 2.0;386;KYRON;SSANGYONG
NEW RAV4 2.0;1313;RAV 4;TOYOTA
NEW RAV4 2.4;433;RAV 4;TOYOTA
NEW SCORPIO 2.2;371;SCORPIO;MAHINDRA
NEW SCORPIO GLX 2.2;809;SCORPIO;MAHINDRA
NEW TERIOS 1.5;715;TERIOS;DAIHATSU
NEW TUCSON 2.0;884;NEW TUCSON ;HYUNDAI
NEW TUCSON FL GL 2.0;554;NEW TUCSON ;HYUNDAI
NEW TUCSON GL 2.0;13662;NEW TUCSON ;HYUNDAI
NEW TUCSON GL 2.0 AT;1124;NEW TUCSON ;HYUNDAI
NEW TUCSON GL 2.0 AU;983;NEW TUCSON ;HYUNDAI
NEW TUCSON GL 2.0 AUT;1939;NEW TUCSON ;HYUNDAI
NEW TUCSON GL 4WD 2.;431;NEW TUCSON ;HYUNDAI
NEW TUCSON GL 4WD 2.0;539;NEW TUCSON ;HYUNDAI
NEW TUCSON GL 4X4 2.;369;NEW TUCSON ;HYUNDAI
NEW TUCSON GL 4X4 2.0;419;NEW TUCSON ;HYUNDAI
NEW TUCSON GL CRDI 2.0;369;NEW TUCSON ;HYUNDAI
NEW XV AWD 2.0I;1743;NEW XV AWD ;SUBARU
NEW XV AWD 2.0I AUT;1119;NEW XV AWD ;SUBARU
NEW XV AWD CVT 2.0I;841;NEW XV AWD ;SUBARU
OPTRA;1926;OPTRA;CHEVROLET
OPTRA LS 1.6;7073;OPTRA;CHEVROLET
OPTRA LS LIMITED 1.6;2677;OPTRA;CHEVROLET
ORLANDO;3789;ORLANDO;CHEVROLET
ORLANDO LS 2.0;5544;ORLANDO;CHEVROLET
ORLANDO LS 2.0 AT;1608;ORLANDO;CHEVROLET
ORLANDO LS 2.0 AUT;987;ORLANDO;CHEVROLET
ORLANDO LT 2.4 AT;366;ORLANDO;CHEVROLET
OUTBACK;627;OUTBACK;SUBARU
OUTLANDER;3277;OUTLANDER;MITSUBISHI
OUTLANDER 2.0;573;OUTLANDER;MITSUBISHI
OUTLANDER 2.0 AUT;479;OUTLANDER;MITSUBISHI
OUTLANDER4X4;411;OUTLANDER;MITSUBISHI
PATHFINDER;1599;PATHFINDER;NISSAN
PATHFINDER 4X4 3.5 AUT;386;PATHFINDER;NISSAN
PATRIOT;1319;PATRIOT;JEEP
PATRIOT 2.4 AUT;397;PATRIOT;JEEP
PATRIOT 4X4 2.4 AUT;867;PATRIOT;JEEP
PATRIOT SPORT 2.4;469;PATRIOT;JEEP
PATRIOT SPORT 2.4 AUT;398;PATRIOT;JEEP
PILOT;1354;PILOT;HONDA
PILOT EX 3.5 AUT;563;PILOT;HONDA
PILOT EX 4X4 3.5 AUT;727;PILOT;HONDA
PILOT EXL 4X4 3.5 AU;558;PILOT;HONDA
PILOT EXL 4X4 3.5 AUT;1034;PILOT;HONDA
Q5;596;Q5;AUDI
QASHQAI;17309;QASHQAI;NISSAN
QASHQAI 1.6;10260;QASHQAI;NISSAN
QASHQAI 2.0;4939;QASHQAI;NISSAN
QASHQAI 2.0 AUT;2966;QASHQAI;NISSAN
QASHQAI 4X4 2.0 AUT;1291;QASHQAI;NISSAN
QASHQAI ADVANCE;618;QASHQAI;NISSAN
QASHQAI ADVANCE 2.0;743;QASHQAI;NISSAN
QASHQAI CVT 2.0;436;QASHQAI;NISSAN
QASHQAI SENSE 2.0;2643;QASHQAI;NISSAN
QUBO DYNAMIC 1.4;371;QUBO DYNAMIC 1.4;FIAT
RANGE ROVER;440;RANGE ROVER;RANGE ROVER
RANGE ROVER SPORT 3.0;395;RANGE ROVER;RANGE ROVER
RAV 4;18619;RAV 4;TOYOTA
RAV 4 2.0;8828;RAV 4;TOYOTA
RAV 4 2.0 AUT;1151;RAV 4;TOYOTA
RAV 4 4X4 2.0;750;RAV 4;TOYOTA
RAV 4 4X4 2.4;750;RAV 4;TOYOTA
RAV4 2.4;7003;RAV 4;TOYOTA
RAV4 2.4 AT;481;RAV 4;TOYOTA
RAV4 2.4 AUT;5781;RAV 4;TOYOTA
RAV4 2.5;2662;RAV 4;TOYOTA
RAV4 2.5 AUT;3985;RAV 4;TOYOTA
RAV4 4X4 2.4 AUT;1413;RAV 4;TOYOTA
RAV4 4X4 2.5 AUT;670;RAV 4;TOYOTA
RENEGADE LIBERTY;417;RENEGADE LIBERTY;JEEP
REXTON;1565;REXTON;SSANGYONG
REXTON 2.0;671;REXTON;SSANGYONG
REXTON II XDI 2.7;550;REXTON;SSANGYONG
RUSH;1140;RUSH;TOYOTA
RX350 4X4 3.5 AUT;647;RX350 4X4 3.5 AUT;LEXUS
S CROSS;385;S CROSS;SUZUKI
S2;2661;S2;JAC
S2 1.5;511;S2;JAC
S2 CE 1.5;426;S2;JAC
S3;2079;S3;JAC
S3 1.5;1342;S3;JAC
S5;851;S5;JAC
S5 2.0;583;S5;JAC
S6;458;S6;BYD
S6 GLXI 2.0;487;S6;BYD
S6 GS I 2.0;821;S6;BYD
SANTA FE;10741;SANTA FE;HYUNDAI
SANTA FE 2.4;531;SANTA FE;HYUNDAI
SANTA FE CRDI GLS 2.2;498;SANTA FE;HYUNDAI
SANTA FE FL GLS 2.2;376;SANTA FE;HYUNDAI
SANTA FE FL GLS 2.4;2541;SANTA FE;HYUNDAI
SANTA FE FL GLS 2.4 AUT;401;SANTA FE;HYUNDAI
SANTA FE FL GLS CRDI 2.2;497;SANTA FE;HYUNDAI
SANTA FE GL 2.7;370;SANTA FE;HYUNDAI
SANTA FE GLS 2.2;3033;SANTA FE;HYUNDAI
SANTA FE GLS 2.2 AT;1116;SANTA FE;HYUNDAI
SANTA FE GLS 2.2 AUT;806;SANTA FE;HYUNDAI
SANTA FE GLS 2.4;8503;SANTA FE;HYUNDAI
SANTA FE GLS 2.4 AT;2710;SANTA FE;HYUNDAI
SANTA FE GLS 2.4 AUT;2728;SANTA FE;HYUNDAI
SANTA FE GLS 4WD 2.2;393;SANTA FE;HYUNDAI
SANTA FE GLS 4WD 2.4;492;SANTA FE;HYUNDAI
SANTA FE GLS 4WD 2.4 AT;403;SANTA FE;HYUNDAI
SANTA FE GLS 4WD 2.4 AUT;364;SANTA FE;HYUNDAI
SANTA FE GLS CRDI 2.2;627;SANTA FE;HYUNDAI
SCORPIO;2221;SCORPIO;MAHINDRA
SCORPIO GLX 2.2;5239;SCORPIO;MAHINDRA
SENTRA SENSE;976;SENTRA SENSE;NISSAN
SORENTO;5320;SORENTO;KIA
SORENTO 2.2;397;SORENTO;KIA
SORENTO 2.4;2496;SORENTO;KIA
SORENTO 2.4 AUT;1781;SORENTO;KIA
SORENTO 4X4 2.4;636;SORENTO;KIA
SORENTO 4X4 2.4 AUT;878;SORENTO;KIA
SORENTO EX;1314;SORENTO;KIA
SORENTO EX 2.2;977;SORENTO;KIA
SORENTO EX 2.4;2240;SORENTO;KIA
SORENTO EX 2.4 AT;497;SORENTO;KIA
SORENTO EX 2.4 AUT;839;SORENTO;KIA
SORENTO EX 4X4 2.2;384;SORENTO;KIA
SORENTO EX 4X4 2.2 AUT;379;SORENTO;KIA
SORENTO EX 4X4 2.4;612;SORENTO;KIA
SORENTO EX 4X4 2.4 AUT;362;SORENTO;KIA
SORENTO FULL 4X4 2.4 AUT;508;SORENTO;KIA
SOUL;3578;SOUL;KIA
SOUL 1.6;2567;SOUL;KIA
SOUL DAB 1.6;368;SOUL;KIA
SOUL EX;942;SOUL;KIA
SOUL EX 1.6;1296;SOUL;KIA
SOUL LX 1.6;5221;SOUL;KIA
SOUL LX DAB 1.6;1671;SOUL;KIA
SPORTAGE;11480;SPORTAGE;KIA
SPORTAGE EX FULL 4X4 2.0 AUT;457;SPORTAGE;KIA
SPORTAGE LX 2.0;10640;SPORTAGE;KIA
SPORTAGE LX 2.0 AT;369;SPORTAGE;KIA
SPORTAGE LX 2.0 AUT;2454;SPORTAGE;KIA
SPORTAGE LX 4X4 2.0;1271;SPORTAGE;KIA
SPORTAGE LX DAB 2.0;632;SPORTAGE;KIA
SPORTAGE LX GLS 2.0;429;SPORTAGE;KIA
SPORTAGE PRO II 2.0;682;SPORTAGE;KIA
SPORTAGE PRO II LX 2.0;610;SPORTAGE;KIA
SPORTAGE PRO II LX D;432;SPORTAGE;KIA
SPORTAGE PRO II LX DAB 2.0;854;SPORTAGE;KIA
SPRINT;761;SPRINT;CHEVROLET
STAREX;2420;STAREX;HYUNDAI
STAVIC;1254;STAVIC;SSANGYONG
STAVIC 2.0;469;STAVIC;SSANGYONG
SUCCE 1.6;413;SUCCE 1.6;ZNA
SURAN HIGHLINE 1.6;728;SURAN HIGHLINE 1.6;VOLKSWAGEN
TEPEE;626;TEPEE;PEUGEOT
TEPEE OUTDOOR ALLURE HDI 1.6;490;TEPEE;PEUGEOT
TEPEE OUTDOOR HDI 1.6;780;TEPEE;PEUGEOT
TERIOS;1820;TERIOS;DAIHATSU
TERIOS 1.5;1520;TERIOS;DAIHATSU
TERIOS GLI 1.5;881;TERIOS;DAIHATSU
TERIOS LEI 1.5;653;TERIOS;DAIHATSU
TERIOS WILD 1.5;376;TERIOS;DAIHATSU
TIGGO;3411;TIGGO;CHERY
TIGGO 1.6;7318;TIGGO;CHERY
TIGGO 2;2350;TIGGO;CHERY
TIGGO 3;852;TIGGO;CHERY
TIGGO DVVT 1.6;1329;TIGGO;CHERY
TIGUAN;833;TIGUAN;VOLKSWAGEN
TIVOLI;1064;TIVOLI;SSANGYONG
TIVOLI 1.6;469;TIVOLI;SSANGYONG
TRACKER;5134;TRACKER;CHEVROLET
TRACKER LS 1.8;1687;TRACKER;CHEVROLET
TRACKER LT;1258;TRACKER;CHEVROLET
TRACKER LT 1.8;3972;TRACKER;CHEVROLET
TRACKER LT AWD 1.8 AT;501;TRACKER;CHEVROLET
TRAVERSE;919;TRAVERSE;CHEVROLET
TRAVERSE 3.6;438;TRAVERSE;CHEVROLET
TRAVERSE LT SU AWD 3.6;453;TRAVERSE;CHEVROLET
TRIP 1.8;959;TRIP 1.8;JAC
TUCSON;12610;TUCSON;HYUNDAI
TUCSON 2.0;605;TUCSON;HYUNDAI
TUCSON GL 2.0;5447;TUCSON;HYUNDAI
TUCSON GL 2.0 AT;370;TUCSON;HYUNDAI
TUCSON GL 2.0 AUT;946;TUCSON;HYUNDAI
TUCSON TL GL ADVANCE 2.0;934;TUCSON;HYUNDAI
TUCSON TLADVANCE;939;TUCSON;HYUNDAI
V5;672;V5;BRILLIANCE
VAN;519;VAN;LIFAN
VAN EX 1.3;1094;VAN;LIFAN
VERACRUZ GLS 3.0 AUT;464;VERACRUZ GLS 3.0 AUT;HYUNDAI
VITARA;1501;VITARA;TOYOTA
VITARA GLS 1.6;627;VITARA;TOYOTA
VITARA4X4;709;VITARA;TOYOTA
WRANGLER;1149;WRANGLER;JEEP
WRANGLER UNLIMITED S;425;WRANGLER;JEEP
X 1;721;X 1;BMW
X 3;487;X 3;BMW
X 5;707;X 5;BMW
X TRAIL;6128;X TRAIL;NISSAN
X TRAIL 2.5;1664;X TRAIL;NISSAN
X TRAIL 2.5 AUT;750;X TRAIL;NISSAN
X TRAIL 4X4 2.5;1008;X TRAIL;NISSAN
X TRAIL ADVANCE 2.5;413;X TRAIL;NISSAN
X TRAIL ADVANCE 2.5 AUT;509;X TRAIL;NISSAN
X TRAIL S 2.5 AUT;784;X TRAIL;NISSAN
X TRAIL S 4X4;385;X TRAIL;NISSAN
X TRAIL S 4X4 2.5 AUT;573;X TRAIL;NISSAN
X TRAIL SENSE 2.5;1692;X TRAIL;NISSAN
X TRAIL SENSE 2.5 AUT;1414;X TRAIL;NISSAN
X TRAIL SENSE CVT 2.5;418;X TRAIL;NISSAN
X1 XDRIVE 20I SPORT;367;X1 ;BMW
X25;832;X25;BAIC
X5 XDRIVE 35I 3.0 AUT;463;X5 ;BMW
X6;495;X6;BMW
X6 XDRIVE30D 3.0 AUT;565;X6;BMW
X6 XDRIVE35I 3.0 AUT;397;X6;BMW
X60 EX 1.8;786;X60 EX 1.8;LIFAN
XC70 D5 COMFORT;410;XC70 D5 COMFORT;VOLVO
XTRAIL 4X4 2.5 AUT;947;X TRAIL;NISSAN
XTRAIL FULL 4WD 2.5;368;X TRAIL;NISSAN
XTRAIL S 2.5;568;X TRAIL;NISSAN
XTRAIL S 4X4 2.5;1594;X TRAIL;NISSAN
XTRAIL X 4X4 2.5;617;X TRAIL;NISSAN
XTRAIL X 4X4 2.5 AUT;680;X TRAIL;NISSAN
XUV 500 2.2;1975;XUV 500 ;MAHINDRA
XUV500;2228;XUV 501;MAHINDRA
XUV500 CRDE 2.2;389;XUV 502;MAHINDRA
XV;4503;XV;SUBARU
XV 2.0 AWD;542;XV;SUBARU
XV 2.0R AWD;502;XV;SUBARU
XV 2.0R AWD AUT;371;XV;SUBARU
XV AWD 1.6I;365;XV;SUBARU
XV AWD 2.0I;627;XV;SUBARU
XV AWD 2.0I AUT;372;XV;SUBARU
XV AWD CVT 2.0I;411;XV;SUBARU
XV LTD AWD CVT 2.0I;367;XV;SUBARU
XVI;437;XVI;SUBARU
